{
    "version":"1.0",
    "map_params":{
        "width":1024,
        "height":1024,
        "voronoi_points":20,
        "lloyd_iterations":3
    },
    "seed_points":[
        [
            445.3393429003088,
            365.58039948985214
        ],
        [
            532.7786787567393,
            131.80288497687255
        ],
        [
            49.35655631952909,
            293.65712323748016
        ],
        [
            1009.4288844926833,
            107.81014754472051
        ],
        [
            686.7258446975538,
            436.380596118918
        ],
        [
            887.762268632992,
            0.0
        ],
        [
            1022.4592995472899,
            314.3418685151946
        ],
        [
            916.9471352899677,
            782.2162987197866
        ],
        [
            175.78997904039431,
            495.53437607192046
        ],
        [
            732.9636823697456,
            1024.0
        ],
        [
            159.55326506792954,
            846.0067564311872
        ],
        [
            243.04043760455215,
            391.53100836328196
        ],
        [
            53.113406449445165,
            526.1509285148862
        ],
        [
            569.1149020087245,
            611.7883738862885
        ],
        [
            360.5765096655916,
            523.1959949744145
        ],
        [
            758.7686273615834,
            195.93545200387885
        ],
        [
            281.87276281439546,
            226.74137702554225
        ],
        [
            522.0378951559749,
            946.8350682026603
        ],
        [
            249.37423773882279,
            38.8219846106457
        ],
        [
            886.7110609677587,
            381.4747762971513
        ]
    ],
    "regions":[],
    "states":[],
    "provinces":[
        {
            "id":"00000000",
            "seed_index":0,
            "state_id":null,
            "region_id":null,
            "center":[
                445.3393429003088,
                365.58039948985214
            ]
        },
        {
            "id":"00000001",
            "seed_index":1,
            "state_id":null,
            "region_id":null,
            "center":[
                532.7786787567393,
                131.80288497687255
            ]
        },
        {
            "id":"00000002",
            "seed_index":2,
            "state_id":null,
            "region_id":null,
            "center":[
                49.35655631952909,
                293.65712323748016
            ]
        },
        {
            "id":"00000003",
            "seed_index":3,
            "state_id":null,
            "region_id":null,
            "center":[
                1009.4288844926833,
                107.81014754472051
            ]
        },
        {
            "id":"00000004",
            "seed_index":4,
            "state_id":null,
            "region_id":null,
            "center":[
                686.7258446975538,
                436.380596118918
            ]
        },
        {
            "id":"00000005",
            "seed_index":5,
            "state_id":null,
            "region_id":null,
            "center":[
                887.762268632992,
                0.0
            ]
        },
        {
            "id":"00000006",
            "seed_index":6,
            "state_id":null,
            "region_id":null,
            "center":[
                1022.4592995472899,
                314.3418685151946
            ]
        },
        {
            "id":"00000007",
            "seed_index":7,
            "state_id":null,
            "region_id":null,
            "center":[
                916.9471352899677,
                782.2162987197866
            ]
        },
        {
            "id":"00000008",
            "seed_index":8,
            "state_id":null,
            "region_id":null,
            "center":[
                175.78997904039431,
                495.53437607192046
            ]
        },
        {
            "id":"00000009",
            "seed_index":9,
            "state_id":null,
            "region_id":null,
            "center":[
                732.9636823697456,
                1024.0
            ]
        },
        {
            "id":"00000010",
            "seed_index":10,
            "state_id":null,
            "region_id":null,
            "center":[
                159.55326506792954,
                846.0067564311872
            ]
        },
        {
            "id":"00000011",
            "seed_index":11,
            "state_id":null,
            "region_id":null,
            "center":[
                243.04043760455215,
                391.53100836328196
            ]
        },
        {
            "id":"00000012",
            "seed_index":12,
            "state_id":null,
            "region_id":null,
            "center":[
                53.113406449445165,
                526.1509285148862
            ]
        },
        {
            "id":"00000013",
            "seed_index":13,
            "state_id":null,
            "region_id":null,
            "center":[
                569.1149020087245,
                611.7883738862885
            ]
        },
        {
            "id":"00000014",
            "seed_index":14,
            "state_id":null,
            "region_id":null,
            "center":[
                360.5765096655916,
                523.1959949744145
            ]
        },
        {
            "id":"00000015",
            "seed_index":15,
            "state_id":null,
            "region_id":null,
            "center":[
                758.7686273615834,
                195.93545200387885
            ]
        },
        {
            "id":"00000016",
            "seed_index":16,
            "state_id":null,
            "region_id":null,
            "center":[
                281.87276281439546,
                226.74137702554225
            ]
        },
        {
            "id":"00000017",
            "seed_index":17,
            "state_id":null,
            "region_id":null,
            "center":[
                522.0378951559749,
                946.8350682026603
            ]
        },
        {
            "id":"00000018",
            "seed_index":18,
            "state_id":null,
            "region_id":null,
            "center":[
                249.37423773882279,
                38.8219846106457
            ]
        },
        {
            "id":"00000019",
            "seed_index":19,
            "state_id":null,
            "region_id":null,
            "center":[
                886.7110609677587,
                381.4747762971513
            ]
        }
    ]
}